,obj,P_PV,P_EL,P_FC,H_STO,G_HW,Q_CW,P_HP,P_EB,E_cost,OPEX,OPEX_contrast,revenue,receive,rel_receive,c_sys,c_contrast,c_reduce
planning,2130600.88408838,832.7368587314457,399.12624066265016,44.44226994302734,76.97742887238255,87328.1667893707,0.0,1169.7863294514611,5662.7694289512665,12339678.453833563,1222625.7449628375,6945275.102756092,1986028.871440157,16.164039713557777,2.156287705628699,1388472.984975726,50695966.112778254,49307493.12780253
