,obj,P_PV,P_EL,P_FC,H_STO,G_HW,Q_CW,P_HP,P_EB,E_cost,OPEX,OPEX_contrast,revenue,receive,rel_receive,c_sys,c_contrast,c_reduce
planning,10648134.13026376,10073.269979028031,6606.145882179515,1559.3509439660588,1005.7684133644705,1699.1999999999994,0.0,479.9999999999998,4931.554778113512,82640360.9408555,4567311.72444596,6945275.102756092,1986028.871440157,-32.01522872420745,34.752579326761015,6339243.231731424,50695966.112778254,44356722.88104683
