,obj,P_PV,P_EL,P_FC,H_STO,G_HW,Q_CW,P_HP,P_EB,E_cost,OPEX,OPEX_contrast,revenue,receive,rel_receive,c_sys,c_contrast,c_reduce
planning,10733646.76613327,10116.132901455545,6638.893154914136,1577.7487627201708,1016.0095840536815,1699.1999999999994,0.0,479.9999999999998,5030.52007998663,83115832.03620645,4617838.364888875,6891284.741089423,1986028.871440157,-31.581249419117963,36.55939850013622,6400010.943532163,50661272.862778254,44261261.91924609
