,obj,P_PV,P_EL,P_FC,H_STO,G_HW,Q_CW,P_HP,P_EB,E_cost,OPEX,OPEX_contrast,revenue,receive,rel_receive,c_sys,c_contrast,c_reduce
planning,1867321.6865584147,798.3431466538337,394.6281101196233,43.602847441193845,74.60773817389288,78549.39854456286,0.0,1275.2621664281169,219.10191355664625,11652507.340965256,1009909.8006929944,6891284.741089423,1986028.871440157,11.93758803630989,1.981255651791489,1086954.1977656481,50661272.862778254,49574318.665012605
