,obj,P_PV,P_EL,P_FC,H_STO,G_HW,Q_CW,P_HP,P_EB,E_cost,OPEX,OPEX_contrast,revenue,receive,rel_receive,c_sys,c_contrast,c_reduce
planning,10855437.278443934,10192.846367313234,6697.502242829411,1581.026416184095,1048.752960349017,1699.199999999999,0.0,479.9999999999998,5002.543114782796,83752337.38250215,4692793.699725572,7053255.826089433,2147999.9564401843,-32.911247759661634,35.481330730570626,6457972.794822844,50765352.612778254,44307379.81795541
