,obj,P_PV,P_EL,P_FC,H_STO,G_HW,Q_CW,P_HP,P_EB,E_cost,OPEX,OPEX_contrast,revenue,receive,rel_receive,c_sys,c_contrast,c_reduce
planning,2018408.0594673888,806.2072200014655,399.1950809241776,43.602847441193845,75.83659707947889,80207.20909707891,0.0,1279.2398629186364,221.11717214405968,11767613.230928157,1152526.4807453637,7053255.826089433,2147999.9564401843,11.821121826188888,1.9942641904450866,1189271.110544146,50765352.612778254,49576081.50223411
